run,island,frame,N,captures,escapes
att,0,0,30,2,1
att,0,1,31,2,0
att,0,2,33,1,1
att,0,3,33,4,1
att,0,4,36,1,1
att,0,5,36,2,1
att,0,6,37,1,1
att,0,7,37,2,4
att,0,8,35,1,1
att,0,9,35,1,3
att,0,10,33,1,4
att,0,11,30,3,3
att,0,12,30,0,2
att,0,13,28,3,3
att,0,14,28,3,1
att,0,15,30,3,1
att,0,16,32,1,4
att,0,17,29,1,0
att,0,18,30,1,0
att,0,19,31,2,1
att,0,20,32,2,7
att,0,21,27,2,2
att,0,22,27,2,1
att,0,23,28,4,1
att,0,24,31,4,3
att,0,25,32,0,4
att,0,26,28,2,3
att,0,27,27,1,3
att,0,28,25,2,4
att,0,29,23,2,0
att,0,30,25,5,2
att,0,31,28,3,0
att,0,32,31,2,2
att,0,33,31,4,2
att,0,34,33,3,4
att,0,35,32,2,3
att,0,36,31,3,1
att,0,37,33,2,1
att,0,38,34,2,0
att,0,39,36,1,4
att,0,40,33,5,2
att,0,41,36,3,2
att,0,42,37,1,0
att,0,43,38,2,2
att,0,44,38,0,0
att,0,45,38,0,1
att,0,46,37,1,3
att,0,47,35,1,3
att,0,48,33,4,2
att,0,49,35,2,1
att,0,50,36,0,4
att,0,51,32,0,2
att,0,52,30,2,3
att,0,53,29,2,1
att,0,54,30,2,3
att,0,55,29,3,2
att,0,56,30,6,2
att,0,57,34,2,2
att,0,58,34,0,2
att,0,59,32,1,0
att,0,60,33,4,4
att,0,61,33,3,2
att,0,62,34,2,0
att,0,63,36,3,4
att,0,64,35,3,1
att,0,65,37,2,3
att,0,66,36,3,4
att,0,67,35,1,1
att,0,68,35,0,3
att,0,69,32,0,2
att,0,70,30,1,2
att,0,71,29,1,1
att,0,72,29,2,1
att,0,73,30,2,5
att,0,74,27,2,3
att,0,75,26,6,5
att,0,76,27,0,3
att,0,77,24,0,0
att,0,78,24,2,1
att,0,79,25,2,2
att,0,80,25,4,3
att,0,81,26,2,1
att,0,82,27,3,1
att,0,83,29,3,1
att,0,84,31,2,4
att,0,85,29,2,6
att,0,86,25,0,1
att,0,87,24,3,0
att,0,88,27,3,0
att,0,89,30,4,1
att,0,90,33,1,3
att,0,91,31,0,2
att,0,92,29,2,4
att,0,93,27,2,2
att,0,94,27,3,3
att,0,95,27,1,3
att,0,96,25,4,1
att,0,97,28,3,1
att,0,98,30,1,1
att,0,99,30,3,2
att,0,100,31,1,1
att,0,101,31,1,2
att,0,102,30,3,2
att,0,103,31,2,3
att,0,104,30,3,3
att,0,105,30,4,0
att,0,106,34,4,2
att,0,107,36,1,4
att,0,108,33,1,1
att,0,109,33,0,4
att,0,110,29,1,2
att,0,111,28,2,2
att,0,112,28,2,2
att,0,113,28,2,2
att,0,114,28,0,1
att,0,115,27,3,1
att,0,116,29,0,2
att,0,117,27,1,1
att,0,118,27,3,3
att,0,119,27,1,2
att,0,120,26,0,2
att,0,121,24,1,2
att,0,122,23,0,0
att,0,123,23,2,1
att,0,124,24,4,0
att,0,125,28,0,4
att,0,126,24,3,1
att,0,127,26,2,3
att,0,128,25,3,1
att,0,129,27,1,2
att,0,130,26,1,3
att,0,131,24,4,1
att,0,132,27,6,1
att,0,133,32,3,2
att,0,134,33,3,1
att,0,135,35,2,1
att,0,136,36,0,0
att,0,137,36,1,3
att,0,138,34,0,2
att,0,139,32,4,1
att,0,140,35,1,1
att,0,141,35,1,2
att,0,142,34,1,2
att,0,143,33,1,0
att,0,144,34,2,2
att,0,145,34,0,2
att,0,146,32,0,1
att,0,147,31,3,3
att,0,148,31,1,1
att,0,149,31,5,1
att,0,150,35,0,3
att,0,151,32,1,3
att,0,152,30,3,3
att,0,153,30,4,2
att,0,154,32,0,0
att,0,155,32,3,0
att,0,156,35,0,5
att,0,157,30,1,1
att,0,158,30,4,1
att,0,159,33,3,0
att,0,160,36,5,2
att,0,161,39,1,2
att,0,162,38,0,6
att,0,163,32,1,4
att,0,164,29,1,2
att,0,165,28,0,3
att,0,166,25,4,1
att,0,167,28,3,0
att,0,168,31,3,4
att,0,169,30,0,2
att,0,170,28,2,4
att,0,171,26,3,3
att,0,172,26,4,1
att,0,173,29,2,1
att,0,174,30,3,4
att,0,175,29,2,3
att,0,176,28,1,1
att,0,177,28,3,2
att,0,178,29,5,2
att,0,179,32,1,2
att,0,180,31,0,2
att,0,181,29,2,0
att,0,182,31,2,0
att,0,183,33,3,1
att,0,184,35,3,5
att,0,185,33,1,0
att,0,186,34,0,0
att,0,187,34,1,1
att,0,188,34,2,3
att,0,189,33,2,0
att,0,190,35,4,3
att,0,191,36,1,3
att,0,192,34,4,5
att,0,193,33,2,1
att,0,194,34,2,2
att,0,195,34,2,6
att,0,196,30,0,0
att,0,197,30,4,2
att,0,198,32,0,0
att,0,199,32,1,2
att,0,200,31,0,1
att,0,201,30,0,0
att,0,202,30,2,6
att,0,203,26,1,0
att,0,204,27,3,3
att,0,205,27,3,1
att,0,206,29,1,5
att,0,207,25,2,1
att,0,208,26,1,4
att,0,209,23,2,1
att,0,210,24,1,5
att,0,211,20,4,0
att,0,212,24,5,1
att,0,213,28,5,1
att,0,214,32,1,3
att,0,215,30,3,3
att,0,216,30,2,2
att,0,217,30,3,3
att,0,218,30,4,2
att,0,219,32,2,2
att,0,220,32,0,1
att,0,221,31,1,3
att,0,222,29,0,2
att,0,223,27,2,2
att,0,224,27,3,5
att,0,225,25,2,0
att,0,226,27,2,2
att,0,227,27,2,1
att,0,228,28,5,0
att,0,229,33,2,1
att,0,230,34,2,3
att,0,231,33,1,2
att,0,232,32,3,5
att,0,233,30,1,0
att,0,234,31,4,1
att,0,235,34,5,1
att,0,236,38,1,3
att,0,237,36,3,6
att,0,238,33,4,4
att,0,239,33,2,2
att,0,240,33,1,3
att,0,241,31,2,1
att,0,242,32,2,2
att,0,243,32,2,4
att,0,244,30,3,1
att,0,245,32,0,2
att,0,246,30,0,3
att,0,247,27,3,0
att,0,248,30,2,2
att,0,249,30,2,2
att,0,250,30,2,0
att,0,251,32,3,2
att,0,252,33,1,1
att,0,253,33,3,2
att,0,254,34,1,2
att,0,255,33,3,1
att,0,256,35,0,2
att,0,257,33,1,3
att,0,258,31,2,0
att,0,259,33,3,2
att,0,260,34,0,3
att,0,261,31,0,2
att,0,262,29,3,1
att,0,263,31,1,3
att,0,264,29,0,0
att,0,265,29,4,4
att,0,266,29,0,4
att,0,267,25,2,3
att,0,268,24,0,3
att,0,269,21,1,1
att,0,270,21,5,0
att,0,271,26,3,3
att,0,272,26,0,0
att,0,273,26,4,4
att,0,274,26,3,1
att,0,275,28,3,2
att,0,276,29,2,5
att,0,277,26,0,0
att,0,278,26,4,2
att,0,279,28,2,1
att,0,280,29,4,2
att,0,281,31,5,2
att,0,282,34,3,0
att,0,283,37,3,0
att,0,284,40,1,2
att,0,285,39,1,3
att,0,286,37,0,1
att,0,287,36,2,3
att,0,288,35,3,1
att,0,289,37,1,2
att,0,290,36,0,3
att,0,291,33,2,3
att,0,292,32,3,0
att,0,293,35,0,5
att,0,294,30,3,1
att,0,295,32,0,2
att,0,296,30,2,1
att,0,297,31,2,1
att,0,298,32,2,3
att,0,299,31,1,2
att,1,0,38,1,2
att,1,1,37,1,1
att,1,2,37,1,2
att,1,3,36,1,4
att,1,4,33,0,4
att,1,5,29,3,1
att,1,6,31,2,2
att,1,7,31,1,2
att,1,8,30,3,1
att,1,9,32,2,2
att,1,10,32,1,3
att,1,11,30,2,3
att,1,12,29,2,0
att,1,13,31,2,2
att,1,14,31,1,2
att,1,15,30,1,0
att,1,16,31,2,2
att,1,17,31,2,0
att,1,18,33,3,4
att,1,19,32,0,3
att,1,20,29,2,1
att,1,21,30,1,2
att,1,22,29,0,4
att,1,23,25,2,4
att,1,24,23,1,1
att,1,25,23,1,1
att,1,26,23,0,0
att,1,27,23,2,2
att,1,28,23,1,2
att,1,29,22,1,1
att,1,30,22,1,0
att,1,31,23,2,2
att,1,32,23,5,3
att,1,33,25,1,6
att,1,34,20,4,1
att,1,35,23,1,1
att,1,36,23,0,0
att,1,37,23,7,1
att,1,38,29,2,2
att,1,39,29,3,2
att,1,40,30,3,2
att,1,41,31,0,1
att,1,42,30,1,1
att,1,43,30,4,2
att,1,44,32,3,1
att,1,45,34,2,0
att,1,46,36,2,2
att,1,47,36,3,0
att,1,48,39,2,3
att,1,49,38,0,3
att,1,50,35,2,6
att,1,51,31,3,1
att,1,52,33,4,4
att,1,53,33,2,2
att,1,54,33,1,4
att,1,55,30,1,2
att,1,56,29,5,2
att,1,57,32,0,4
att,1,58,28,4,2
att,1,59,30,3,2
att,1,60,31,4,3
att,1,61,32,1,4
att,1,62,29,6,2
att,1,63,33,1,4
att,1,64,30,0,2
att,1,65,28,1,2
att,1,66,27,2,1
att,1,67,28,4,0
att,1,68,32,0,1
att,1,69,31,0,1
att,1,70,30,3,0
att,1,71,33,3,1
att,1,72,35,0,3
att,1,73,32,1,5
att,1,74,28,0,5
att,1,75,23,4,2
att,1,76,25,4,0
att,1,77,29,1,3
att,1,78,27,2,0
att,1,79,29,0,2
att,1,80,27,1,1
att,1,81,27,2,1
att,1,82,28,2,3
att,1,83,27,2,3
att,1,84,26,2,2
att,1,85,26,2,1
att,1,86,27,1,2
att,1,87,26,4,1
att,1,88,29,2,1
att,1,89,30,2,1
att,1,90,31,1,1
att,1,91,31,1,4
att,1,92,28,1,3
att,1,93,26,3,2
att,1,94,27,1,2
att,1,95,26,0,0
att,1,96,26,1,1
att,1,97,26,2,3
att,1,98,25,3,2
att,1,99,26,0,2
att,1,100,24,1,1
att,1,101,24,2,2
att,1,102,24,2,4
att,1,103,22,3,2
att,1,104,23,3,2
att,1,105,24,4,0
att,1,106,28,2,1
att,1,107,29,2,1
att,1,108,30,3,1
att,1,109,32,2,2
att,1,110,32,3,1
att,1,111,34,1,1
att,1,112,34,1,2
att,1,113,33,1,1
att,1,114,33,0,0
att,1,115,33,2,3
att,1,116,32,2,1
att,1,117,33,5,1
att,1,118,37,0,3
att,1,119,34,3,4
att,1,120,33,2,3
att,1,121,32,0,6
att,1,122,26,1,1
att,1,123,26,0,1
att,1,124,25,2,0
att,1,125,27,1,1
att,1,126,27,4,2
att,1,127,29,2,2
att,1,128,29,2,1
att,1,129,30,0,3
att,1,130,27,5,2
att,1,131,30,4,2
att,1,132,32,1,1
att,1,133,32,2,3
att,1,134,31,0,2
att,1,135,29,0,2
att,1,136,27,2,1
att,1,137,28,1,2
att,1,138,27,1,3
att,1,139,25,1,2
att,1,140,24,2,3
att,1,141,23,1,1
att,1,142,23,0,1
att,1,143,22,4,4
att,1,144,22,5,3
att,1,145,24,0,1
att,1,146,23,2,2
att,1,147,23,2,1
att,1,148,24,0,0
att,1,149,24,2,1
att,1,150,25,1,5
att,1,151,21,1,3
att,1,152,19,3,1
att,1,153,21,4,1
att,1,154,24,2,0
att,1,155,26,2,1
att,1,156,27,0,2
att,1,157,25,2,0
att,1,158,27,2,1
att,1,159,28,4,5
att,1,160,27,1,4
att,1,161,24,4,2
att,1,162,26,3,1
att,1,163,28,1,0
att,1,164,29,0,3
att,1,165,26,1,0
att,1,166,27,1,3
att,1,167,25,2,0
att,1,168,27,4,1
att,1,169,30,2,1
att,1,170,31,1,2
att,1,171,30,1,2
att,1,172,29,3,3
att,1,173,29,1,3
att,1,174,27,3,2
att,1,175,28,1,2
att,1,176,27,2,0
att,1,177,29,3,3
att,1,178,29,1,1
att,1,179,29,3,3
att,1,180,29,3,4
att,1,181,28,3,0
att,1,182,31,3,3
att,1,183,31,0,1
att,1,184,30,2,2
att,1,185,30,1,2
att,1,186,29,3,3
att,1,187,29,2,1
att,1,188,30,3,4
att,1,189,29,1,1
att,1,190,29,1,2
att,1,191,28,3,3
att,1,192,28,2,2
att,1,193,28,3,3
att,1,194,28,3,2
att,1,195,29,0,1
att,1,196,28,2,0
att,1,197,30,1,0
att,1,198,31,5,3
att,1,199,33,1,1
att,1,200,33,0,3
att,1,201,30,1,1
att,1,202,30,1,2
att,1,203,29,3,3
att,1,204,29,1,1
att,1,205,29,0,2
att,1,206,27,1,3
att,1,207,25,5,2
att,1,208,28,2,1
att,1,209,29,3,1
att,1,210,31,1,3
att,1,211,29,3,2
att,1,212,30,5,3
att,1,213,32,2,3
att,1,214,31,1,2
att,1,215,30,3,1
att,1,216,32,2,2
att,1,217,32,5,0
att,1,218,37,3,1
att,1,219,39,0,3
att,1,220,36,0,4
att,1,221,32,2,3
att,1,222,31,1,1
att,1,223,31,1,0
att,1,224,32,1,1
att,1,225,32,2,2
att,1,226,32,3,0
att,1,227,35,1,2
att,1,228,34,3,3
att,1,229,34,2,1
att,1,230,35,2,3
att,1,231,34,2,4
att,1,232,32,3,2
att,1,233,33,4,1
att,1,234,36,1,1
att,1,235,36,1,3
att,1,236,34,2,4
att,1,237,32,1,2
att,1,238,31,1,3
att,1,239,29,0,4
att,1,240,25,1,2
att,1,241,24,3,0
att,1,242,27,2,1
att,1,243,28,2,2
att,1,244,28,5,1
att,1,245,32,2,1
att,1,246,33,1,5
att,1,247,29,1,1
att,1,248,29,2,0
att,1,249,31,4,2
att,1,250,33,0,1
att,1,251,32,2,2
att,1,252,32,0,3
att,1,253,29,3,2
att,1,254,30,1,3
att,1,255,28,0,1
att,1,256,27,5,3
att,1,257,29,4,0
att,1,258,33,3,1
att,1,259,35,3,1
att,1,260,37,1,2
att,1,261,36,2,1
att,1,262,37,3,0
att,1,263,40,1,2
att,1,264,39,1,2
att,1,265,38,3,1
att,1,266,40,0,2
att,1,267,38,1,2
att,1,268,37,1,1
att,1,269,37,0,1
att,1,270,36,3,5
att,1,271,34,1,1
att,1,272,34,2,1
att,1,273,35,1,3
att,1,274,33,1,1
att,1,275,33,3,3
att,1,276,33,2,0
att,1,277,35,1,2
att,1,278,34,0,1
att,1,279,33,4,5
att,1,280,32,3,2
att,1,281,33,3,7
att,1,282,29,5,1
att,1,283,33,3,1
att,1,284,35,1,4
att,1,285,32,5,0
att,1,286,37,2,3
att,1,287,36,1,2
att,1,288,35,2,1
att,1,289,36,2,1
att,1,290,37,2,2
att,1,291,37,0,2
att,1,292,35,2,5
att,1,293,32,2,2
att,1,294,32,0,2
att,1,295,30,2,0
att,1,296,32,3,3
att,1,297,32,3,3
att,1,298,32,3,1
att,1,299,34,3,4
att,2,0,30,1,2
att,2,1,29,3,3
att,2,2,29,1,2
att,2,3,28,4,3
att,2,4,29,0,2
att,2,5,27,1,1
att,2,6,27,5,2
att,2,7,30,3,2
att,2,8,31,2,3
att,2,9,30,2,2
att,2,10,30,2,2
att,2,11,30,2,1
att,2,12,31,2,5
att,2,13,28,5,1
att,2,14,32,1,4
att,2,15,29,3,0
att,2,16,32,3,3
att,2,17,32,0,2
att,2,18,30,2,2
att,2,19,30,2,0
att,2,20,32,1,3
att,2,21,30,5,4
att,2,22,31,3,0
att,2,23,34,1,2
att,2,24,33,3,2
att,2,25,34,2,4
att,2,26,32,2,3
att,2,27,31,1,1
att,2,28,31,2,0
att,2,29,33,2,2
att,2,30,33,2,2
att,2,31,33,4,1
att,2,32,36,0,1
att,2,33,35,1,4
att,2,34,32,3,0
att,2,35,35,2,3
att,2,36,34,3,2
att,2,37,35,0,3
att,2,38,32,4,2
att,2,39,34,1,4
att,2,40,31,1,2
att,2,41,30,2,2
att,2,42,30,2,0
att,2,43,32,2,2
att,2,44,32,2,4
att,2,45,30,2,1
att,2,46,31,1,6
att,2,47,26,4,5
att,2,48,25,1,1
att,2,49,25,3,2
att,2,50,26,4,0
att,2,51,30,4,0
att,2,52,34,2,0
att,2,53,36,3,1
att,2,54,38,0,3
att,2,55,35,3,0
att,2,56,38,1,5
att,2,57,34,3,1
att,2,58,36,2,5
att,2,59,33,2,3
att,2,60,32,1,2
att,2,61,31,1,0
att,2,62,32,0,2
att,2,63,30,4,2
att,2,64,32,0,0
att,2,65,32,2,2
att,2,66,32,2,1
att,2,67,33,1,1
att,2,68,33,0,5
att,2,69,28,2,2
att,2,70,28,2,2
att,2,71,28,0,1
att,2,72,27,3,0
att,2,73,30,1,0
att,2,74,31,3,4
att,2,75,30,4,3
att,2,76,31,2,2
att,2,77,31,5,0
att,2,78,36,0,1
att,2,79,35,2,0
att,2,80,37,3,5
att,2,81,35,1,5
att,2,82,31,2,1
att,2,83,32,3,0
att,2,84,35,2,1
att,2,85,36,2,1
att,2,86,37,1,1
att,2,87,37,3,1
att,2,88,39,2,4
att,2,89,37,1,6
att,2,90,32,0,0
att,2,91,32,1,2
att,2,92,31,0,2
att,2,93,29,4,1
att,2,94,32,1,1
att,2,95,32,2,4
att,2,96,30,1,2
att,2,97,29,0,4
att,2,98,25,2,2
att,2,99,25,2,4
att,2,100,23,1,3
att,2,101,21,3,0
att,2,102,24,4,2
att,2,103,26,4,1
att,2,104,29,0,0
att,2,105,29,1,1
att,2,106,29,4,2
att,2,107,31,2,2
att,2,108,31,1,3
att,2,109,29,2,3
att,2,110,28,2,3
att,2,111,27,2,1
att,2,112,28,3,1
att,2,113,30,3,4
att,2,114,29,2,0
att,2,115,31,1,3
att,2,116,29,3,2
att,2,117,30,2,5
att,2,118,27,2,1
att,2,119,28,3,4
att,2,120,27,2,3
att,2,121,26,3,1
att,2,122,28,3,4
att,2,123,27,2,2
att,2,124,27,5,2
att,2,125,30,1,4
att,2,126,27,1,3
att,2,127,25,4,2
att,2,128,27,1,1
att,2,129,27,2,0
att,2,130,29,0,1
att,2,131,28,0,1
att,2,132,27,4,1
att,2,133,30,0,1
att,2,134,29,3,5
att,2,135,27,1,1
att,2,136,27,1,0
att,2,137,28,4,3
att,2,138,29,3,3
att,2,139,29,0,1
att,2,140,28,1,2
att,2,141,27,4,0
att,2,142,31,2,4
att,2,143,29,2,1
att,2,144,30,1,2
att,2,145,29,4,2
att,2,146,31,3,5
att,2,147,29,4,0
att,2,148,33,1,2
att,2,149,32,2,1
att,2,150,33,3,1
att,2,151,35,3,4
att,2,152,34,3,3
att,2,153,34,3,4
att,2,154,33,1,2
att,2,155,32,5,1
att,2,156,36,4,5
att,2,157,35,0,1
att,2,158,34,2,0
att,2,159,36,2,4
att,2,160,34,2,7
att,2,161,29,2,2
att,2,162,29,2,2
att,2,163,29,2,10
att,2,164,21,5,0
att,2,165,26,2,2
att,2,166,26,0,2
att,2,167,24,4,1
att,2,168,27,6,0
att,2,169,33,1,2
att,2,170,32,5,2
att,2,171,35,0,2
att,2,172,33,2,2
att,2,173,33,3,1
att,2,174,35,1,5
att,2,175,31,5,0
att,2,176,36,2,1
att,2,177,37,0,5
att,2,178,32,1,1
att,2,179,32,1,1
att,2,180,32,1,2
att,2,181,31,3,2
att,2,182,32,2,3
att,2,183,31,2,3
att,2,184,30,0,5
att,2,185,25,1,2
att,2,186,24,3,1
att,2,187,26,2,1
att,2,188,27,2,3
att,2,189,26,3,1
att,2,190,28,1,0
att,2,191,29,4,3
att,2,192,30,4,2
att,2,193,32,2,3
att,2,194,31,2,1
att,2,195,32,2,3
att,2,196,31,2,1
att,2,197,32,2,1
att,2,198,33,1,2
att,2,199,32,1,2
att,2,200,31,2,2
att,2,201,31,2,1
att,2,202,32,1,2
att,2,203,31,0,3
att,2,204,28,1,2
att,2,205,27,2,0
att,2,206,29,1,1
att,2,207,29,2,1
att,2,208,30,1,2
att,2,209,29,2,2
att,2,210,29,2,4
att,2,211,27,5,1
att,2,212,31,3,0
att,2,213,34,3,2
att,2,214,35,4,2
att,2,215,37,1,3
att,2,216,35,1,3
att,2,217,33,0,3
att,2,218,30,3,5
att,2,219,28,1,1
att,2,220,28,2,1
att,2,221,29,3,2
att,2,222,30,2,2
att,2,223,30,2,2
att,2,224,30,3,3
att,2,225,30,1,3
att,2,226,28,6,2
att,2,227,32,0,3
att,2,228,29,1,3
att,2,229,27,4,0
att,2,230,31,3,1
att,2,231,33,0,3
att,2,232,30,3,2
att,2,233,31,0,2
att,2,234,29,1,1
att,2,235,29,0,4
att,2,236,25,2,2
att,2,237,25,1,1
att,2,238,25,3,1
att,2,239,27,3,1
att,2,240,29,5,2
att,2,241,32,1,3
att,2,242,30,1,0
att,2,243,31,3,0
att,2,244,34,1,2
att,2,245,33,2,3
att,2,246,32,2,1
att,2,247,33,3,1
att,2,248,35,3,1
att,2,249,37,2,5
att,2,250,34,0,0
att,2,251,34,2,2
att,2,252,34,3,1
att,2,253,36,1,2
att,2,254,35,2,2
att,2,255,35,1,5
att,2,256,31,1,2
att,2,257,30,2,2
att,2,258,30,3,1
att,2,259,32,3,2
att,2,260,33,3,5
att,2,261,31,0,0
att,2,262,31,2,1
att,2,263,32,1,1
att,2,264,32,3,2
att,2,265,33,1,2
att,2,266,32,2,0
att,2,267,34,0,1
att,2,268,33,2,1
att,2,269,34,3,2
att,2,270,35,0,2
att,2,271,33,2,2
att,2,272,33,2,2
att,2,273,33,3,1
att,2,274,35,0,2
att,2,275,33,2,1
att,2,276,34,0,1
att,2,277,33,1,4
att,2,278,30,6,2
att,2,279,34,3,1
att,2,280,36,0,2
att,2,281,34,1,3
att,2,282,32,4,1
att,2,283,35,1,5
att,2,284,31,4,2
att,2,285,33,0,2
att,2,286,31,4,3
att,2,287,32,1,0
att,2,288,33,2,1
att,2,289,34,2,1
att,2,290,35,2,0
att,2,291,37,1,0
att,2,292,38,0,0
att,2,293,38,1,2
att,2,294,37,1,4
att,2,295,34,2,1
att,2,296,35,0,2
att,2,297,33,1,0
att,2,298,34,2,3
att,2,299,33,3,2
att,3,0,36,1,1
att,3,1,36,2,1
att,3,2,37,2,3
att,3,3,36,0,3
att,3,4,33,3,8
att,3,5,28,0,2
att,3,6,26,3,2
att,3,7,27,1,1
att,3,8,27,1,3
att,3,9,25,6,0
att,3,10,31,1,1
att,3,11,31,2,2
att,3,12,31,1,1
att,3,13,31,2,0
att,3,14,33,2,1
att,3,15,34,3,1
att,3,16,36,4,4
att,3,17,36,0,1
att,3,18,35,1,6
att,3,19,30,3,0
att,3,20,33,1,4
att,3,21,30,1,2
att,3,22,29,2,2
att,3,23,29,1,2
att,3,24,28,2,1
att,3,25,29,3,0
att,3,26,32,2,2
att,3,27,32,0,1
att,3,28,31,5,5
att,3,29,31,2,1
att,3,30,32,0,0
att,3,31,32,3,5
att,3,32,30,1,2
att,3,33,29,2,3
att,3,34,28,3,1
att,3,35,30,3,4
att,3,36,29,4,1
att,3,37,32,4,2
att,3,38,34,0,3
att,3,39,31,1,2
att,3,40,30,1,2
att,3,41,29,5,4
att,3,42,30,2,0
att,3,43,32,2,1
att,3,44,33,2,2
att,3,45,33,1,2
att,3,46,32,0,2
att,3,47,30,4,3
att,3,48,31,1,1
att,3,49,31,2,4
att,3,50,29,3,3
att,3,51,29,0,4
att,3,52,25,1,2
att,3,53,24,2,0
att,3,54,26,5,1
att,3,55,30,1,2
att,3,56,29,0,0
att,3,57,29,0,0
att,3,58,29,3,0
att,3,59,32,3,6
att,3,60,29,2,0
att,3,61,31,2,3
att,3,62,30,4,2
att,3,63,32,2,1
att,3,64,33,2,0
att,3,65,35,0,6
att,3,66,29,4,2
att,3,67,31,0,4
att,3,68,27,0,2
att,3,69,25,5,2
att,3,70,28,0,2
att,3,71,26,4,0
att,3,72,30,2,2
att,3,73,30,2,2
att,3,74,30,1,4
att,3,75,27,5,1
att,3,76,31,1,2
att,3,77,30,3,3
att,3,78,30,3,3
att,3,79,30,3,2
att,3,80,31,1,2
att,3,81,30,0,0
att,3,82,30,1,1
att,3,83,30,3,4
att,3,84,29,1,0
att,3,85,30,4,1
att,3,86,33,4,3
att,3,87,34,2,1
att,3,88,35,2,3
att,3,89,34,0,1
att,3,90,33,0,1
att,3,91,32,4,2
att,3,92,34,2,1
att,3,93,35,0,4
att,3,94,31,1,1
att,3,95,31,2,3
att,3,96,30,1,2
att,3,97,29,3,0
att,3,98,32,3,2
att,3,99,33,2,0
att,3,100,35,2,1
att,3,101,36,0,3
att,3,102,33,1,0
att,3,103,34,1,2
att,3,104,33,1,0
att,3,105,34,2,1
att,3,106,35,4,1
att,3,107,38,1,5
att,3,108,34,0,0
att,3,109,34,2,1
att,3,110,35,4,4
att,3,111,35,2,1
att,3,112,36,2,1
att,3,113,37,4,4
att,3,114,37,1,1
att,3,115,37,1,2
att,3,116,36,1,2
att,3,117,35,6,3
att,3,118,38,3,4
att,3,119,37,2,2
att,3,120,37,3,0
att,3,121,40,2,0
att,3,122,42,3,2
att,3,123,43,1,2
att,3,124,42,1,3
att,3,125,40,3,2
att,3,126,41,0,4
att,3,127,37,1,2
att,3,128,36,1,1
att,3,129,36,3,3
att,3,130,36,1,2
att,3,131,35,2,1
att,3,132,36,2,1
att,3,133,37,2,4
att,3,134,35,1,1
att,3,135,35,1,4
att,3,136,32,0,0
att,3,137,32,2,1
att,3,138,33,3,0
att,3,139,36,4,2
att,3,140,38,1,1
att,3,141,38,2,5
att,3,142,35,1,0
att,3,143,36,2,5
att,3,144,33,4,3
att,3,145,34,2,2
att,3,146,34,1,1
att,3,147,34,4,2
att,3,148,36,2,2
att,3,149,36,2,1
att,3,150,37,1,2
att,3,151,36,2,2
att,3,152,36,0,1
att,3,153,35,2,2
att,3,154,35,0,3
att,3,155,32,2,1
att,3,156,33,4,3
att,3,157,34,1,1
att,3,158,34,2,2
att,3,159,34,3,2
att,3,160,35,1,3
att,3,161,33,1,5
att,3,162,29,3,1
att,3,163,31,3,3
att,3,164,31,0,4
att,3,165,27,1,3
att,3,166,25,2,0
att,3,167,27,2,3
att,3,168,26,4,3
att,3,169,27,3,2
att,3,170,28,3,2
att,3,171,29,2,2
att,3,172,29,3,1
att,3,173,31,2,1
att,3,174,32,2,2
att,3,175,32,1,1
att,3,176,32,3,0
att,3,177,35,1,2
att,3,178,34,1,2
att,3,179,33,4,2
att,3,180,35,1,2
att,3,181,34,1,2
att,3,182,33,3,3
att,3,183,33,0,1
att,3,184,32,2,0
att,3,185,34,1,3
att,3,186,32,3,1
att,3,187,34,2,1
att,3,188,35,3,1
att,3,189,37,3,4
att,3,190,36,1,2
att,3,191,35,2,3
att,3,192,34,3,4
att,3,193,33,1,5
att,3,194,29,0,0
att,3,195,29,2,2
att,3,196,29,1,0
att,3,197,30,1,0
att,3,198,31,1,4
att,3,199,28,3,2
att,3,200,29,0,1
att,3,201,28,3,0
att,3,202,31,2,2
att,3,203,31,1,1
att,3,204,31,2,2
att,3,205,31,1,1
att,3,206,31,1,2
att,3,207,30,0,1
att,3,208,29,0,0
att,3,209,29,1,0
att,3,210,30,5,5
att,3,211,30,0,2
att,3,212,28,2,5
att,3,213,25,6,1
att,3,214,30,4,1
att,3,215,33,1,6
att,3,216,28,1,2
att,3,217,27,3,2
att,3,218,28,2,4
att,3,219,26,2,3
att,3,220,25,2,2
att,3,221,25,1,2
att,3,222,24,2,2
att,3,223,24,5,3
att,3,224,26,2,1
att,3,225,27,1,5
att,3,226,23,1,3
att,3,227,21,0,2
att,3,228,19,3,2
att,3,229,20,5,3
att,3,230,22,5,1
att,3,231,26,1,2
att,3,232,25,1,4
att,3,233,22,3,1
att,3,234,24,2,1
att,3,235,25,1,2
att,3,236,24,0,0
att,3,237,24,5,3
att,3,238,26,1,1
att,3,239,26,1,1
att,3,240,26,3,2
att,3,241,27,5,0
att,3,242,32,2,0
att,3,243,34,0,3
att,3,244,31,0,2
att,3,245,29,3,1
att,3,246,31,2,1
att,3,247,32,3,3
att,3,248,32,0,4
att,3,249,28,0,3
att,3,250,25,2,1
att,3,251,26,4,1
att,3,252,29,5,6
att,3,253,28,2,3
att,3,254,27,1,1
att,3,255,27,3,4
att,3,256,26,0,2
att,3,257,24,1,2
att,3,258,23,1,1
att,3,259,23,5,2
att,3,260,26,3,2
att,3,261,27,3,1
att,3,262,29,2,0
att,3,263,31,3,4
att,3,264,30,3,3
att,3,265,30,0,3
att,3,266,27,3,3
att,3,267,27,5,1
att,3,268,31,4,1
att,3,269,34,0,1
att,3,270,33,1,1
att,3,271,33,3,3
att,3,272,33,3,1
att,3,273,35,0,0
att,3,274,35,2,3
att,3,275,34,0,5
att,3,276,29,2,3
att,3,277,28,3,1
att,3,278,30,3,3
att,3,279,30,2,3
att,3,280,29,4,1
att,3,281,32,2,1
att,3,282,33,0,3
att,3,283,30,1,1
att,3,284,30,5,2
att,3,285,33,1,2
att,3,286,32,3,3
att,3,287,32,0,3
att,3,288,29,0,2
att,3,289,27,3,3
att,3,290,27,3,2
att,3,291,28,0,0
att,3,292,28,1,4
att,3,293,25,3,0
att,3,294,28,2,1
att,3,295,29,2,5
att,3,296,26,1,2
att,3,297,25,6,2
att,3,298,29,1,4
att,3,299,26,4,1
att,4,0,38,1,1
att,4,1,38,4,0
att,4,2,42,0,5
att,4,3,37,1,9
att,4,4,29,2,2
att,4,5,29,1,4
att,4,6,26,3,3
att,4,7,26,3,0
att,4,8,29,1,0
att,4,9,30,3,3
att,4,10,30,2,1
att,4,11,31,2,2
att,4,12,31,2,5
att,4,13,28,0,2
att,4,14,26,1,1
att,4,15,26,0,1
att,4,16,25,2,0
att,4,17,27,1,1
att,4,18,27,2,3
att,4,19,26,2,1
att,4,20,27,2,1
att,4,21,28,3,2
att,4,22,29,0,3
att,4,23,26,2,1
att,4,24,27,4,2
att,4,25,29,1,2
att,4,26,28,2,3
att,4,27,27,1,1
att,4,28,27,0,3
att,4,29,24,2,0
att,4,30,26,0,2
att,4,31,24,3,2
att,4,32,25,5,5
att,4,33,25,2,1
att,4,34,26,4,4
att,4,35,26,3,0
att,4,36,29,2,0
att,4,37,31,1,1
att,4,38,31,2,1
att,4,39,32,0,3
att,4,40,29,2,1
att,4,41,30,0,1
att,4,42,29,3,5
att,4,43,27,0,3
att,4,44,24,3,2
att,4,45,25,2,2
att,4,46,25,2,3
att,4,47,24,2,3
att,4,48,23,1,1
att,4,49,23,3,0
att,4,50,26,2,2
att,4,51,26,5,1
att,4,52,30,1,3
att,4,53,28,1,2
att,4,54,27,3,2
att,4,55,28,2,4
att,4,56,26,3,2
att,4,57,27,1,3
att,4,58,25,2,0
att,4,59,27,0,2
att,4,60,25,1,2
att,4,61,24,2,2
att,4,62,24,1,1
att,4,63,24,4,4
att,4,64,24,1,3
att,4,65,22,0,2
att,4,66,20,4,1
att,4,67,23,4,0
att,4,68,27,1,0
att,4,69,28,2,3
att,4,70,27,3,3
att,4,71,27,2,1
att,4,72,28,2,3
att,4,73,27,2,2
att,4,74,27,1,4
att,4,75,24,1,2
att,4,76,23,2,2
att,4,77,23,1,0
att,4,78,24,1,3
att,4,79,22,3,2
att,4,80,23,0,1
att,4,81,22,5,0
att,4,82,27,4,3
att,4,83,28,1,1
att,4,84,28,5,2
att,4,85,31,0,2
att,4,86,29,0,4
att,4,87,25,2,0
att,4,88,27,1,4
att,4,89,24,4,1
att,4,90,27,4,3
att,4,91,28,2,1
att,4,92,29,1,2
att,4,93,28,2,3
att,4,94,27,4,1
att,4,95,30,0,3
att,4,96,27,3,0
att,4,97,30,1,3
att,4,98,28,4,3
att,4,99,29,3,1
att,4,100,31,4,0
att,4,101,35,2,2
att,4,102,35,3,3
att,4,103,35,1,4
att,4,104,32,1,2
att,4,105,31,3,4
att,4,106,30,0,3
att,4,107,27,0,2
att,4,108,25,3,2
att,4,109,26,9,1
att,4,110,34,1,4
att,4,111,31,0,1
att,4,112,30,2,3
att,4,113,29,2,2
att,4,114,29,1,2
att,4,115,28,2,0
att,4,116,30,1,1
att,4,117,30,3,3
att,4,118,30,0,3
att,4,119,27,3,1
att,4,120,29,2,2
att,4,121,29,3,1
att,4,122,31,0,1
att,4,123,30,1,2
att,4,124,29,1,0
att,4,125,30,2,4
att,4,126,28,1,2
att,4,127,27,1,3
att,4,128,25,2,0
att,4,129,27,7,0
att,4,130,34,4,1
att,4,131,37,1,2
att,4,132,36,2,2
att,4,133,36,2,0
att,4,134,38,2,1
att,4,135,39,1,2
att,4,136,38,0,2
att,4,137,36,2,3
att,4,138,35,2,1
att,4,139,36,3,2
att,4,140,37,1,1
att,4,141,37,0,2
att,4,142,35,3,3
att,4,143,35,2,1
att,4,144,36,1,2
att,4,145,35,3,5
att,4,146,33,4,5
att,4,147,32,4,0
att,4,148,36,1,1
att,4,149,36,1,2
att,4,150,35,2,4
att,4,151,33,1,4
att,4,152,30,0,0
att,4,153,30,3,4
att,4,154,29,2,1
att,4,155,30,3,2
att,4,156,31,2,4
att,4,157,29,0,1
att,4,158,28,2,1
att,4,159,29,1,2
att,4,160,28,1,2
att,4,161,27,3,2
att,4,162,28,2,0
att,4,163,30,1,4
att,4,164,27,2,2
att,4,165,27,2,3
att,4,166,26,1,2
att,4,167,25,2,0
att,4,168,27,1,0
att,4,169,28,3,2
att,4,170,29,4,1
att,4,171,32,1,4
att,4,172,29,3,3
att,4,173,29,1,1
att,4,174,29,3,3
att,4,175,29,2,1
att,4,176,30,2,3
att,4,177,29,0,2
att,4,178,27,3,2
att,4,179,28,6,3
att,4,180,31,6,3
att,4,181,34,1,6
att,4,182,29,0,2
att,4,183,27,1,2
att,4,184,26,5,3
att,4,185,28,0,0
att,4,186,28,1,3
att,4,187,26,2,1
att,4,188,27,4,0
att,4,189,31,2,1
att,4,190,32,1,0
att,4,191,33,1,2
att,4,192,32,2,4
att,4,193,30,2,3
att,4,194,29,3,1
att,4,195,31,4,2
att,4,196,33,2,3
att,4,197,32,1,2
att,4,198,31,5,0
att,4,199,36,1,0
att,4,200,37,1,2
att,4,201,36,1,1
att,4,202,36,2,5
att,4,203,33,0,4
att,4,204,29,0,1
att,4,205,28,2,1
att,4,206,29,4,4
att,4,207,29,2,1
att,4,208,30,0,3
att,4,209,27,3,3
att,4,210,27,2,1
att,4,211,28,2,5
att,4,212,25,5,0
att,4,213,30,2,5
att,4,214,27,1,1
att,4,215,27,1,0
att,4,216,28,2,2
att,4,217,28,4,1
att,4,218,31,3,1
att,4,219,33,1,1
att,4,220,33,4,1
att,4,221,36,1,1
att,4,222,36,2,2
att,4,223,36,2,4
att,4,224,34,0,3
att,4,225,31,1,2
att,4,226,30,1,1
att,4,227,30,3,0
att,4,228,33,2,4
att,4,229,31,4,0
att,4,230,35,2,1
att,4,231,36,2,2
att,4,232,36,3,3
att,4,233,36,1,5
att,4,234,32,1,3
att,4,235,30,0,3
att,4,236,27,4,1
att,4,237,30,2,3
att,4,238,29,2,3
att,4,239,28,1,3
att,4,240,26,3,1
att,4,241,28,1,0
att,4,242,29,2,0
att,4,243,31,0,2
att,4,244,29,3,1
att,4,245,31,3,4
att,4,246,30,1,2
att,4,247,29,0,3
att,4,248,26,5,1
att,4,249,30,1,2
att,4,250,29,1,7
att,4,251,23,3,0
att,4,252,26,3,2
att,4,253,27,4,1
att,4,254,30,0,1
att,4,255,29,6,1
att,4,256,34,1,1
att,4,257,34,2,6
att,4,258,30,1,5
att,4,259,26,1,1
att,4,260,26,2,0
att,4,261,28,1,1
att,4,262,28,3,3
att,4,263,28,0,2
att,4,264,26,5,2
att,4,265,29,1,4
att,4,266,26,1,2
att,4,267,25,1,0
att,4,268,26,2,2
att,4,269,26,1,1
att,4,270,26,1,4
att,4,271,23,2,1
att,4,272,24,1,1
att,4,273,24,5,1
att,4,274,28,4,3
att,4,275,29,1,5
att,4,276,25,4,1
att,4,277,28,7,0
att,4,278,35,2,2
att,4,279,35,4,2
att,4,280,37,2,2
att,4,281,37,2,5
att,4,282,34,2,3
att,4,283,33,0,4
att,4,284,29,0,0
att,4,285,29,0,2
att,4,286,27,1,0
att,4,287,28,2,3
att,4,288,27,4,5
att,4,289,26,3,3
att,4,290,26,5,3
att,4,291,28,1,1
att,4,292,28,4,2
att,4,293,30,3,1
att,4,294,32,1,2
att,4,295,31,4,4
att,4,296,31,2,0
att,4,297,33,2,2
att,4,298,33,2,2
att,4,299,33,2,3
att,5,0,20,6,1
att,5,1,25,1,3
att,5,2,23,3,0
att,5,3,26,2,1
att,5,4,27,3,2
att,5,5,28,1,2
att,5,6,27,2,1
att,5,7,28,4,2
att,5,8,30,3,2
att,5,9,31,3,1
att,5,10,33,1,0
att,5,11,34,1,2
att,5,12,33,3,3
att,5,13,33,1,4
att,5,14,30,2,0
att,5,15,32,2,5
att,5,16,29,3,2
att,5,17,30,2,1
att,5,18,31,6,1
att,5,19,36,2,0
att,5,20,38,3,4
att,5,21,37,1,1
att,5,22,37,0,0
att,5,23,37,0,4
att,5,24,33,3,2
att,5,25,34,1,0
att,5,26,35,4,4
att,5,27,35,2,5
att,5,28,32,0,4
att,5,29,28,2,0
att,5,30,30,4,2
att,5,31,32,1,1
att,5,32,32,1,4
att,5,33,29,1,2
att,5,34,28,3,0
att,5,35,31,2,1
att,5,36,32,1,2
att,5,37,31,1,0
att,5,38,32,5,4
att,5,39,33,7,3
att,5,40,37,3,1
att,5,41,39,0,3
att,5,42,36,4,6
att,5,43,34,3,3
att,5,44,34,3,3
att,5,45,34,5,1
att,5,46,38,4,2
att,5,47,40,0,3
att,5,48,37,0,2
att,5,49,35,2,2
att,5,50,35,0,1
att,5,51,34,1,1
att,5,52,34,3,1
att,5,53,36,2,5
att,5,54,33,4,5
att,5,55,32,6,2
att,5,56,36,1,0
att,5,57,37,0,3
att,5,58,34,1,1
att,5,59,34,2,2
att,5,60,34,3,1
att,5,61,36,0,2
att,5,62,34,1,2
att,5,63,33,0,4
att,5,64,29,2,2
att,5,65,29,3,4
att,5,66,28,0,2
att,5,67,26,2,2
att,5,68,26,4,3
att,5,69,27,1,4
att,5,70,24,4,1
att,5,71,27,2,2
att,5,72,27,1,6
att,5,73,22,3,0
att,5,74,25,5,2
att,5,75,28,2,0
att,5,76,30,4,0
att,5,77,34,2,2
att,5,78,34,2,5
att,5,79,31,6,3
att,5,80,34,2,2
att,5,81,34,1,3
att,5,82,32,4,4
att,5,83,32,1,1
att,5,84,32,0,2
att,5,85,30,0,3
att,5,86,27,5,4
att,5,87,28,5,1
att,5,88,32,0,1
att,5,89,31,5,3
att,5,90,33,1,2
att,5,91,32,3,0
att,5,92,35,4,6
att,5,93,33,0,1
att,5,94,32,2,1
att,5,95,33,2,4
att,5,96,31,1,0
att,5,97,32,4,4
att,5,98,32,0,0
att,5,99,32,0,2
att,5,100,30,2,3
att,5,101,29,1,1
att,5,102,29,3,1
att,5,103,31,2,2
att,5,104,31,0,1
att,5,105,30,1,3
att,5,106,28,3,0
att,5,107,31,3,2
att,5,108,32,1,4
att,5,109,29,3,2
att,5,110,30,2,2
att,5,111,30,2,2
att,5,112,30,1,4
att,5,113,27,2,0
att,5,114,29,0,4
att,5,115,25,3,2
att,5,116,26,0,3
att,5,117,23,1,1
att,5,118,23,2,1
att,5,119,24,1,2
att,5,120,23,2,0
att,5,121,25,2,2
att,5,122,25,1,3
att,5,123,23,5,3
att,5,124,25,1,1
att,5,125,25,2,1
att,5,126,26,0,2
att,5,127,24,2,1
att,5,128,25,2,0
att,5,129,27,1,2
att,5,130,26,2,2
att,5,131,26,1,3
att,5,132,24,2,0
att,5,133,26,3,4
att,5,134,25,1,2
att,5,135,24,3,1
att,5,136,26,4,0
att,5,137,30,2,3
att,5,138,29,0,0
att,5,139,29,4,1
att,5,140,32,1,4
att,5,141,29,2,1
att,5,142,30,2,0
att,5,143,32,3,1
att,5,144,34,2,1
att,5,145,35,3,1
att,5,146,37,2,1
att,5,147,38,2,1
att,5,148,39,1,2
att,5,149,38,3,5
att,5,150,36,2,5
att,5,151,33,1,3
att,5,152,31,2,3
att,5,153,30,2,2
att,5,154,30,4,1
att,5,155,33,2,5
att,5,156,30,4,3
att,5,157,31,2,1
att,5,158,32,1,2
att,5,159,31,3,1
att,5,160,33,2,2
att,5,161,33,0,4
att,5,162,29,2,2
att,5,163,29,2,0
att,5,164,31,1,2
att,5,165,30,4,4
att,5,166,30,3,1
att,5,167,32,1,2
att,5,168,31,2,2
att,5,169,31,3,1
att,5,170,33,2,0
att,5,171,35,1,2
att,5,172,34,1,1
att,5,173,34,4,1
att,5,174,37,2,1
att,5,175,38,1,2
att,5,176,37,2,1
att,5,177,38,0,4
att,5,178,34,1,3
att,5,179,32,2,3
att,5,180,31,0,2
att,5,181,29,1,1
att,5,182,29,2,2
att,5,183,29,0,0
att,5,184,29,2,2
att,5,185,29,2,2
att,5,186,29,2,2
att,5,187,29,1,1
att,5,188,29,0,3
att,5,189,26,3,1
att,5,190,28,2,0
att,5,191,30,2,3
att,5,192,29,2,2
att,5,193,29,4,1
att,5,194,32,5,2
att,5,195,35,2,3
att,5,196,34,2,2
att,5,197,34,3,4
att,5,198,33,3,1
att,5,199,35,3,2
att,5,200,36,1,5
att,5,201,32,3,3
att,5,202,32,0,2
att,5,203,30,1,2
att,5,204,29,1,1
att,5,205,29,3,0
att,5,206,32,3,4
att,5,207,31,2,1
att,5,208,32,4,2
att,5,209,34,2,2
att,5,210,34,1,3
att,5,211,32,0,4
att,5,212,28,3,0
att,5,213,31,6,3
att,5,214,34,1,1
att,5,215,34,2,1
att,5,216,35,2,2
att,5,217,35,3,6
att,5,218,32,2,1
att,5,219,33,3,2
att,5,220,34,0,2
att,5,221,32,0,0
att,5,222,32,1,0
att,5,223,33,4,0
att,5,224,37,2,1
att,5,225,38,1,0
att,5,226,39,0,1
att,5,227,38,1,2
att,5,228,37,2,3
att,5,229,36,3,4
att,5,230,35,2,2
att,5,231,35,1,1
att,5,232,35,0,1
att,5,233,34,3,6
att,5,234,31,0,3
att,5,235,28,1,2
att,5,236,27,0,3
att,5,237,24,3,2
att,5,238,25,4,0
att,5,239,29,2,4
att,5,240,27,1,1
att,5,241,27,0,1
att,5,242,26,3,2
att,5,243,27,3,1
att,5,244,29,0,1
att,5,245,28,1,2
att,5,246,27,3,0
att,5,247,30,1,1
att,5,248,30,4,1
att,5,249,33,1,2
att,5,250,32,2,2
att,5,251,32,0,2
att,5,252,30,2,4
att,5,253,28,3,0
att,5,254,31,2,4
att,5,255,29,2,1
att,5,256,30,4,1
att,5,257,33,2,2
att,5,258,33,1,2
att,5,259,32,0,5
att,5,260,27,2,2
att,5,261,27,2,0
att,5,262,29,2,2
att,5,263,29,6,1
att,5,264,34,2,4
att,5,265,32,1,2
att,5,266,31,2,2
att,5,267,31,2,3
att,5,268,30,4,0
att,5,269,34,0,2
att,5,270,32,0,2
att,5,271,30,1,4
att,5,272,27,1,0
att,5,273,28,1,7
att,5,274,22,4,0
att,5,275,26,2,1
att,5,276,27,3,2
att,5,277,28,1,2
att,5,278,27,2,0
att,5,279,29,2,2
att,5,280,29,3,3
att,5,281,29,3,1
att,5,282,31,2,4
att,5,283,29,3,3
att,5,284,29,1,1
att,5,285,29,2,2
att,5,286,29,1,2
att,5,287,28,0,3
att,5,288,25,1,1
att,5,289,25,3,0
att,5,290,28,0,2
att,5,291,26,2,2
att,5,292,26,5,1
att,5,293,30,1,1
att,5,294,30,2,0
att,5,295,32,1,2
att,5,296,31,0,4
att,5,297,27,0,3
att,5,298,24,2,1
att,5,299,25,2,4
