run,island,frame,N,captures,escapes
mv_ref_co,0,1,1,0,0
mv_ref_co,0,2,1,0,0
mv_ref_co,0,3,2,1,0
mv_ref_co,0,4,2,0,0
mv_ref_co,0,5,2,0,0
mv_ref_co,0,6,2,0,0
mv_ref_co,0,7,2,0,0
mv_ref_co,0,8,2,0,0
mv_ref_co,0,9,2,0,0
mv_ref_co,0,10,2,0,0
mv_ref_co,0,11,2,0,0
mv_ref_co,0,12,2,0,0
mv_ref_co,0,13,2,0,0
mv_ref_co,0,14,2,0,0
mv_ref_co,0,15,2,0,0
mv_ref_co,0,16,2,0,0
mv_ref_co,0,17,2,0,0
mv_ref_co,0,18,2,0,0
mv_ref_co,0,19,3,1,0
mv_ref_co,0,20,3,0,0
mv_ref_co,0,21,3,0,0
mv_ref_co,0,22,3,0,0
mv_ref_co,0,23,2,0,1
mv_ref_co,0,24,2,0,0
mv_ref_co,0,25,2,0,0
mv_ref_co,0,26,2,0,0
mv_ref_co,0,27,2,0,0
mv_ref_co,0,28,2,0,0
mv_ref_co,0,29,2,0,0
mv_ref_co,0,30,2,0,0
mv_ref_co,0,31,2,0,0
mv_ref_co,0,32,2,0,0
mv_ref_co,0,33,2,0,0
mv_ref_co,0,34,2,0,0
mv_ref_co,0,35,3,1,0
mv_ref_co,0,36,3,0,0
mv_ref_co,0,37,3,0,0
mv_ref_co,0,38,3,0,0
mv_ref_co,0,39,3,0,0
mv_ref_co,0,40,3,0,0
mv_ref_co,0,41,3,0,0
mv_ref_co,0,42,3,0,0
mv_ref_co,0,43,2,0,1
mv_ref_co,0,44,2,0,0
mv_ref_co,0,45,2,0,0
mv_ref_co,0,46,2,0,0
mv_ref_co,0,47,2,0,0
mv_ref_co,0,48,2,0,0
mv_ref_co,0,49,2,0,0
mv_ref_co,0,50,2,0,0
mv_ref_co,0,51,2,0,0
mv_ref_co,0,52,2,0,0
mv_ref_co,0,53,2,0,0
mv_ref_co,0,54,2,0,0
mv_ref_co,0,55,2,0,0
mv_ref_co,0,56,2,0,0
mv_ref_co,0,57,2,0,0
mv_ref_co,0,58,2,0,0
mv_ref_co,0,59,2,0,0
mv_ref_co,0,60,2,0,0
mv_ref_co,0,61,2,0,0
mv_ref_co,0,62,2,0,0
mv_ref_co,0,63,2,0,0
mv_ref_co,0,64,2,0,0
mv_ref_co,0,65,2,0,0
mv_ref_co,0,66,2,0,0
mv_ref_co,0,67,2,0,0
mv_ref_co,0,68,2,0,0
mv_ref_co,0,69,2,0,0
mv_ref_co,0,70,2,0,0
mv_ref_co,0,71,2,0,0
mv_ref_co,0,72,2,0,0
mv_ref_co,0,73,2,0,0
mv_ref_co,0,74,2,0,0
mv_ref_co,0,75,2,0,0
mv_ref_co,0,76,2,0,0
mv_ref_co,0,77,2,0,0
mv_ref_co,0,78,2,0,0
mv_ref_co,0,79,2,0,0
mv_ref_co,0,80,2,0,0
mv_ref_co,0,81,2,0,0
mv_ref_co,0,82,2,0,0
mv_ref_co,0,83,2,0,0
mv_ref_co,0,84,2,0,0
mv_ref_co,0,85,2,0,0
mv_ref_co,0,86,2,0,0
mv_ref_co,0,87,2,0,0
mv_ref_co,0,88,2,0,0
mv_ref_co,0,89,2,0,0
mv_ref_co,0,90,2,0,0
mv_ref_co,0,91,2,0,0
mv_ref_co,0,92,2,0,0
mv_ref_co,0,93,2,0,0
mv_ref_co,0,94,2,0,0
mv_ref_co,0,95,3,1,0
mv_ref_co,0,96,3,0,0
mv_ref_co,0,97,3,0,0
mv_ref_co,0,98,3,0,0
mv_ref_co,0,99,3,0,0
mv_ref_co,0,100,3,0,0
mv_ref_co,0,101,3,0,0
mv_ref_co,0,102,3,0,0
mv_ref_co,0,103,2,0,1
mv_ref_co,0,104,3,1,0
mv_ref_co,0,105,3,0,0
mv_ref_co,0,106,3,0,0
mv_ref_co,0,107,3,1,1
mv_ref_co,0,108,3,0,0
mv_ref_co,0,109,3,0,0
mv_ref_co,0,110,3,0,0
mv_ref_co,0,111,3,0,0
mv_ref_co,0,112,3,0,0
mv_ref_co,0,113,3,0,0
mv_ref_co,0,114,3,0,0
mv_ref_co,0,115,3,0,0
mv_ref_co,0,116,3,0,0
mv_ref_co,0,117,3,0,0
mv_ref_co,0,118,3,0,0
mv_ref_co,0,119,3,0,0
mv_ref_co,0,120,3,0,0
mv_ref_co,3,23,1,1,0
mv_ref_co,3,24,1,0,0
mv_ref_co,3,25,1,0,0
mv_ref_co,3,26,1,0,0
mv_ref_co,3,27,1,0,0
mv_ref_co,3,28,1,0,0
mv_ref_co,3,29,1,0,0
mv_ref_co,3,30,1,0,0
mv_ref_co,3,31,1,0,0
mv_ref_co,3,32,1,0,0
mv_ref_co,3,33,1,0,0
mv_ref_co,3,34,1,0,0
mv_ref_co,3,35,1,0,0
mv_ref_co,3,36,1,0,0
mv_ref_co,3,37,1,0,0
mv_ref_co,3,38,1,0,0
mv_ref_co,3,39,1,0,0
mv_ref_co,3,40,1,0,0
mv_ref_co,3,41,1,0,0
mv_ref_co,3,42,1,0,0
mv_ref_co,3,43,1,0,0
mv_ref_co,3,44,1,0,0
mv_ref_co,3,45,1,0,0
mv_ref_co,3,46,1,0,0
mv_ref_co,3,47,1,0,0
mv_ref_co,3,48,1,0,0
mv_ref_co,3,49,1,0,0
mv_ref_co,3,50,1,0,0
mv_ref_co,3,51,1,0,0
mv_ref_co,3,52,1,0,0
mv_ref_co,3,53,1,0,0
mv_ref_co,3,54,1,0,0
mv_ref_co,3,55,1,0,0
mv_ref_co,3,56,1,0,0
mv_ref_co,3,57,1,0,0
mv_ref_co,3,58,1,0,0
mv_ref_co,3,59,1,0,0
mv_ref_co,3,60,1,0,0
mv_ref_co,3,61,1,0,0
mv_ref_co,3,62,1,0,0
mv_ref_co,3,63,1,0,0
mv_ref_co,3,64,1,0,0
mv_ref_co,3,65,1,0,0
mv_ref_co,3,66,1,0,0
mv_ref_co,3,67,1,0,0
mv_ref_co,3,68,1,0,0
mv_ref_co,3,69,1,0,0
mv_ref_co,3,70,1,0,0
mv_ref_co,3,71,1,0,0
mv_ref_co,3,72,1,0,0
mv_ref_co,3,73,1,0,0
mv_ref_co,3,74,1,0,0
mv_ref_co,3,75,1,0,0
mv_ref_co,3,76,1,0,0
mv_ref_co,3,77,1,0,0
mv_ref_co,3,78,1,0,0
mv_ref_co,3,79,1,0,0
mv_ref_co,3,80,1,0,0
mv_ref_co,3,81,1,0,0
mv_ref_co,3,82,1,0,0
mv_ref_co,3,83,1,0,0
mv_ref_co,3,84,1,0,0
mv_ref_co,3,85,1,0,0
mv_ref_co,3,86,1,0,0
mv_ref_co,3,87,1,0,0
mv_ref_co,3,88,1,0,0
mv_ref_co,3,89,1,0,0
mv_ref_co,3,90,1,0,0
mv_ref_co,3,91,1,0,0
mv_ref_co,3,92,1,0,0
mv_ref_co,3,93,1,0,0
mv_ref_co,3,94,1,0,0
mv_ref_co,3,95,1,0,1
mv_ref_co,3,103,1,1,0
mv_ref_co,3,104,1,0,1
mv_ref_co,3,107,1,1,0
mv_ref_co,3,108,1,0,0
mv_ref_co,3,109,1,0,0
mv_ref_co,3,110,1,0,0
mv_ref_co,3,111,1,0,0
mv_ref_co,3,112,1,0,0
mv_ref_co,3,113,1,0,0
mv_ref_co,3,114,1,0,0
mv_ref_co,3,115,1,0,0
mv_ref_co,3,116,1,0,0
mv_ref_co,3,117,1,0,0
mv_ref_co,3,118,1,0,0
mv_ref_co,3,119,1,0,0
mv_ref_co,3,120,1,0,0
mv_ref_co,4,43,1,1,0
mv_ref_co,4,44,1,0,0
mv_ref_co,4,45,1,0,0
mv_ref_co,4,46,1,0,0
mv_ref_co,4,47,1,0,0
mv_ref_co,4,48,1,0,0
mv_ref_co,4,49,1,0,0
mv_ref_co,4,50,1,0,0
mv_ref_co,4,51,1,0,0
mv_ref_co,4,52,1,0,0
mv_ref_co,4,53,1,0,0
mv_ref_co,4,54,1,0,0
mv_ref_co,4,55,1,0,0
mv_ref_co,4,56,1,0,0
mv_ref_co,4,57,1,0,0
mv_ref_co,4,58,1,0,0
mv_ref_co,4,59,1,0,0
mv_ref_co,4,60,1,0,0
mv_ref_co,4,61,1,0,0
mv_ref_co,4,62,1,0,0
mv_ref_co,4,63,1,0,0
mv_ref_co,4,64,1,0,0
mv_ref_co,4,65,1,0,0
mv_ref_co,4,66,1,0,0
mv_ref_co,4,67,1,0,0
mv_ref_co,4,68,1,0,0
mv_ref_co,4,69,1,0,0
mv_ref_co,4,70,1,0,0
mv_ref_co,4,71,1,0,0
mv_ref_co,4,72,1,0,0
mv_ref_co,4,73,1,0,0
mv_ref_co,4,74,1,0,0
mv_ref_co,4,75,1,0,0
mv_ref_co,4,76,1,0,0
mv_ref_co,4,77,1,0,0
mv_ref_co,4,78,1,0,0
mv_ref_co,4,79,1,0,0
mv_ref_co,4,80,1,0,0
mv_ref_co,4,81,1,0,0
mv_ref_co,4,82,1,0,0
mv_ref_co,4,83,1,0,0
mv_ref_co,4,84,1,0,0
mv_ref_co,4,85,1,0,0
mv_ref_co,4,86,1,0,0
mv_ref_co,4,87,1,0,0
mv_ref_co,4,88,1,0,0
mv_ref_co,4,89,1,0,0
mv_ref_co,4,90,1,0,0
mv_ref_co,4,91,1,0,0
mv_ref_co,4,92,1,0,0
mv_ref_co,4,93,1,0,0
mv_ref_co,4,94,1,0,0
mv_ref_co,4,95,1,0,0
mv_ref_co,4,96,1,0,0
mv_ref_co,4,97,1,0,0
mv_ref_co,4,98,1,0,0
mv_ref_co,4,99,1,0,0
mv_ref_co,4,100,1,0,0
mv_ref_co,4,101,1,0,0
mv_ref_co,4,102,1,0,0
mv_ref_co,4,103,1,0,0
mv_ref_co,4,104,1,0,0
mv_ref_co,4,105,1,0,0
mv_ref_co,4,106,1,0,0
mv_ref_co,4,107,1,0,1
