frame,tick,measured,x,y,z,vx,vy,vz,max_body_span,max_pair_gap
1,278,0,7.000000000,4.000000000,4.000000000,0.000000000,0.000000000,0.000000000,0,0
2,556,0,7.800000000,4.000000000,4.000000000,0.800000000,0.000000000,0.000000000,1,0
3,834,0,8.600000000,4.000000000,4.000000000,0.800000000,0.000000000,0.000000000,1,0
4,1112,0,9.400000000,4.000000000,4.000000000,0.800000000,0.000000000,0.000000000,1,0
5,1390,0,10.200000000,4.000000000,4.000000000,0.800000000,0.000000000,0.000000000,1,0
6,1668,0,11.000000000,4.000000000,4.000000000,0.800000000,0.000000000,0.000000000,1,0
7,1946,0,11.800000000,4.000000000,4.000000000,0.800000000,0.000000000,0.000000000,1,0
8,2224,0,12.600000000,4.000000000,4.000000000,0.800000000,0.000000000,0.000000000,1,0
9,2502,0,12.600000000,4.000000000,4.000000000,0.000000000,0.000000000,0.000000000,1,0
10,2780,0,13.400000000,4.000000000,4.000000000,0.800000000,0.000000000,0.000000000,1,0
11,3058,0,14.200000000,4.000000000,4.000000000,0.800000000,0.000000000,0.000000000,1,0
12,3336,0,15.000000000,4.000000000,4.000000000,0.800000000,0.000000000,0.000000000,1,0
13,3614,0,15.800000000,4.000000000,4.000000000,0.800000000,0.000000000,0.000000000,1,0
14,3892,0,16.600000000,4.000000000,4.000000000,0.800000000,0.000000000,0.000000000,1,0
15,4170,0,17.400000000,4.000000000,4.000000000,0.800000000,0.000000000,0.000000000,1,0
16,4448,0,18.200000000,4.000000000,4.000000000,0.800000000,0.000000000,0.000000000,1,0
17,4726,0,18.200000000,4.000000000,4.000000000,0.000000000,0.000000000,0.000000000,1,0
18,5004,0,19.000000000,4.000000000,4.000000000,0.800000000,0.000000000,0.000000000,1,0
19,5282,0,19.800000000,4.000000000,4.000000000,0.800000000,0.000000000,0.000000000,1,0
20,5560,0,20.600000000,4.000000000,4.000000000,0.800000000,0.000000000,0.000000000,1,0
21,5838,0,21.400000000,4.000000000,4.000000000,0.800000000,0.000000000,0.000000000,1,0
22,6116,0,22.200000000,4.000000000,4.000000000,0.800000000,0.000000000,0.000000000,1,0
23,6394,0,23.000000000,4.000000000,4.000000000,0.800000000,0.000000000,0.000000000,1,0
24,6672,0,23.800000000,4.000000000,4.000000000,0.800000000,0.000000000,0.000000000,1,0
25,6950,0,23.800000000,4.000000000,4.000000000,0.000000000,0.000000000,0.000000000,1,0
26,7228,0,24.600000000,4.000000000,4.000000000,0.800000000,0.000000000,0.000000000,1,0
27,7506,0,25.400000000,4.000000000,4.000000000,0.800000000,0.000000000,0.000000000,1,0
28,7784,0,26.200000000,4.000000000,4.000000000,0.800000000,0.000000000,0.000000000,1,0
29,8062,0,27.000000000,4.000000000,4.000000000,0.800000000,0.000000000,0.000000000,1,0
30,8340,0,27.800000000,4.000000000,4.000000000,0.800000000,0.000000000,0.000000000,1,0
31,8618,0,28.600000000,4.000000000,4.000000000,0.800000000,0.000000000,0.000000000,1,0
32,8896,0,29.400000000,4.000000000,4.000000000,0.800000000,0.000000000,0.000000000,1,0
33,9174,0,29.400000000,4.000000000,4.000000000,0.000000000,0.000000000,0.000000000,1,0
34,9452,0,30.200000000,4.000000000,4.000000000,0.800000000,0.000000000,0.000000000,1,0
35,9730,0,31.000000000,4.000000000,4.000000000,0.800000000,0.000000000,0.000000000,1,0
36,10008,0,31.800000000,4.000000000,4.000000000,0.800000000,0.000000000,0.000000000,1,0
37,10286,0,32.600000000,4.000000000,4.000000000,0.800000000,0.000000000,0.000000000,1,0
38,10564,0,33.400000000,4.000000000,4.000000000,0.800000000,0.000000000,0.000000000,1,0
39,10842,0,34.200000000,4.000000000,4.000000000,0.800000000,0.000000000,0.000000000,1,0
40,11120,0,35.000000000,4.000000000,4.000000000,0.800000000,0.000000000,0.000000000,1,0
41,11398,1,35.000000000,4.000000000,4.000000000,0.000000000,0.000000000,0.000000000,1,0
42,11676,1,35.800000000,4.000000000,4.000000000,0.800000000,0.000000000,0.000000000,1,0
43,11954,1,36.600000000,4.000000000,4.000000000,0.800000000,0.000000000,0.000000000,1,0
44,12232,1,37.400000000,4.000000000,4.000000000,0.800000000,0.000000000,0.000000000,1,0
45,12510,1,38.200000000,4.000000000,4.000000000,0.800000000,0.000000000,0.000000000,1,0
46,12788,1,39.000000000,4.000000000,4.000000000,0.800000000,0.000000000,0.000000000,1,0
47,13066,1,39.800000000,4.000000000,4.000000000,0.800000000,0.000000000,0.000000000,1,0
48,13344,1,40.600000000,4.000000000,4.000000000,0.800000000,0.000000000,0.000000000,1,0
49,13622,1,40.600000000,4.000000000,4.000000000,0.000000000,0.000000000,0.000000000,1,0
50,13900,1,41.400000000,4.000000000,4.000000000,0.800000000,0.000000000,0.000000000,1,0
51,14178,1,42.200000000,4.000000000,4.000000000,0.800000000,0.000000000,0.000000000,1,0
52,14456,1,43.000000000,4.000000000,4.000000000,0.800000000,0.000000000,0.000000000,1,0
53,14734,1,43.800000000,4.000000000,4.000000000,0.800000000,0.000000000,0.000000000,1,0
54,15012,1,44.600000000,4.000000000,4.000000000,0.800000000,0.000000000,0.000000000,1,0
55,15290,1,45.400000000,4.000000000,4.000000000,0.800000000,0.000000000,0.000000000,1,0
56,15568,1,46.200000000,4.000000000,4.000000000,0.800000000,0.000000000,0.000000000,1,0
57,15846,1,46.200000000,4.000000000,4.000000000,0.000000000,0.000000000,0.000000000,1,0
58,16124,1,47.000000000,4.000000000,4.000000000,0.800000000,0.000000000,0.000000000,1,0
59,16402,1,47.800000000,4.000000000,4.000000000,0.800000000,0.000000000,0.000000000,1,0
60,16680,1,48.600000000,4.000000000,4.000000000,0.800000000,0.000000000,0.000000000,1,0
61,16958,1,49.400000000,4.000000000,4.000000000,0.800000000,0.000000000,0.000000000,1,0
62,17236,1,50.200000000,4.000000000,4.000000000,0.800000000,0.000000000,0.000000000,1,0
63,17514,1,51.000000000,4.000000000,4.000000000,0.800000000,0.000000000,0.000000000,1,0
64,17792,1,51.800000000,4.000000000,4.000000000,0.800000000,0.000000000,0.000000000,1,0
65,18070,1,51.800000000,4.000000000,4.000000000,0.000000000,0.000000000,0.000000000,1,0
66,18348,1,52.600000000,4.000000000,4.000000000,0.800000000,0.000000000,0.000000000,1,0
67,18626,1,53.400000000,4.000000000,4.000000000,0.800000000,0.000000000,0.000000000,1,0
68,18904,1,54.200000000,4.000000000,4.000000000,0.800000000,0.000000000,0.000000000,1,0
69,19182,1,55.000000000,4.000000000,4.000000000,0.800000000,0.000000000,0.000000000,1,0
70,19460,1,55.800000000,4.000000000,4.000000000,0.800000000,0.000000000,0.000000000,1,0
71,19738,1,56.600000000,4.000000000,4.000000000,0.800000000,0.000000000,0.000000000,1,0
72,20016,1,57.400000000,4.000000000,4.000000000,0.800000000,0.000000000,0.000000000,1,0
73,20294,1,57.400000000,4.000000000,4.000000000,0.000000000,0.000000000,0.000000000,1,0
74,20572,1,58.200000000,4.000000000,4.000000000,0.800000000,0.000000000,0.000000000,1,0
75,20850,1,59.000000000,4.000000000,4.000000000,0.800000000,0.000000000,0.000000000,1,0
76,21128,1,59.800000000,4.000000000,4.000000000,0.800000000,0.000000000,0.000000000,1,0
77,21406,1,60.600000000,4.000000000,4.000000000,0.800000000,0.000000000,0.000000000,1,0
78,21684,1,61.400000000,4.000000000,4.000000000,0.800000000,0.000000000,0.000000000,1,0
79,21962,1,62.200000000,4.000000000,4.000000000,0.800000000,0.000000000,0.000000000,1,0
80,22240,1,63.000000000,4.000000000,4.000000000,0.800000000,0.000000000,0.000000000,1,0
81,22518,1,63.000000000,4.000000000,4.000000000,0.000000000,0.000000000,0.000000000,1,0
82,22796,1,63.800000000,4.000000000,4.000000000,0.800000000,0.000000000,0.000000000,1,0
83,23074,1,64.600000000,4.000000000,4.000000000,0.800000000,0.000000000,0.000000000,1,0
84,23352,1,65.400000000,4.000000000,4.000000000,0.800000000,0.000000000,0.000000000,1,0
85,23630,1,66.200000000,4.000000000,4.000000000,0.800000000,0.000000000,0.000000000,1,0
86,23908,1,67.000000000,4.000000000,4.000000000,0.800000000,0.000000000,0.000000000,1,0
87,24186,1,67.800000000,4.000000000,4.000000000,0.800000000,0.000000000,0.000000000,1,0
88,24464,1,68.600000000,4.000000000,4.000000000,0.800000000,0.000000000,0.000000000,1,0
89,24742,1,68.600000000,4.000000000,4.000000000,0.000000000,0.000000000,0.000000000,1,0
90,25020,1,69.400000000,4.000000000,4.000000000,0.800000000,0.000000000,0.000000000,1,0
91,25298,1,70.200000000,4.000000000,4.000000000,0.800000000,0.000000000,0.000000000,1,0
92,25576,1,71.000000000,4.000000000,4.000000000,0.800000000,0.000000000,0.000000000,1,0
93,25854,1,71.800000000,4.000000000,4.000000000,0.800000000,0.000000000,0.000000000,1,0
94,26132,1,72.600000000,4.000000000,4.000000000,0.800000000,0.000000000,0.000000000,1,0
95,26410,1,73.400000000,4.000000000,4.000000000,0.800000000,0.000000000,0.000000000,1,0
96,26688,1,74.200000000,4.000000000,4.000000000,0.800000000,0.000000000,0.000000000,1,0
97,26966,1,74.200000000,4.000000000,4.000000000,0.000000000,0.000000000,0.000000000,1,0
98,27244,1,75.000000000,4.000000000,4.000000000,0.800000000,0.000000000,0.000000000,1,0
99,27522,1,75.800000000,4.000000000,4.000000000,0.800000000,0.000000000,0.000000000,1,0
100,27800,1,76.600000000,4.000000000,4.000000000,0.800000000,0.000000000,0.000000000,1,0
101,28078,1,77.400000000,4.000000000,4.000000000,0.800000000,0.000000000,0.000000000,1,0
102,28356,1,78.200000000,4.000000000,4.000000000,0.800000000,0.000000000,0.000000000,1,0
103,28634,1,79.000000000,4.000000000,4.000000000,0.800000000,0.000000000,0.000000000,1,0
104,28912,1,79.800000000,4.000000000,4.000000000,0.800000000,0.000000000,0.000000000,1,0
105,29190,1,79.800000000,4.000000000,4.000000000,0.000000000,0.000000000,0.000000000,1,0
106,29468,1,80.600000000,4.000000000,4.000000000,0.800000000,0.000000000,0.000000000,1,0
107,29746,1,81.400000000,4.000000000,4.000000000,0.800000000,0.000000000,0.000000000,1,0
108,30024,1,82.200000000,4.000000000,4.000000000,0.800000000,0.000000000,0.000000000,1,0
109,30302,1,83.000000000,4.000000000,4.000000000,0.800000000,0.000000000,0.000000000,1,0
110,30580,1,83.800000000,4.000000000,4.000000000,0.800000000,0.000000000,0.000000000,1,0
111,30858,1,84.600000000,4.000000000,4.000000000,0.800000000,0.000000000,0.000000000,1,0
112,31136,1,85.400000000,4.000000000,4.000000000,0.800000000,0.000000000,0.000000000,1,0
113,31414,1,85.400000000,4.000000000,4.000000000,0.000000000,0.000000000,0.000000000,1,0
114,31692,1,86.200000000,4.000000000,4.000000000,0.800000000,0.000000000,0.000000000,1,0
115,31970,1,87.000000000,4.000000000,4.000000000,0.800000000,0.000000000,0.000000000,1,0
116,32248,1,87.800000000,4.000000000,4.000000000,0.800000000,0.000000000,0.000000000,1,0
117,32526,1,88.600000000,4.000000000,4.000000000,0.800000000,0.000000000,0.000000000,1,0
118,32804,1,89.400000000,4.000000000,4.000000000,0.800000000,0.000000000,0.000000000,1,0
119,33082,1,90.200000000,4.000000000,4.000000000,0.800000000,0.000000000,0.000000000,1,0
120,33360,1,91.000000000,4.000000000,4.000000000,0.800000000,0.000000000,0.000000000,1,0
121,33638,1,91.000000000,4.000000000,4.000000000,0.000000000,0.000000000,0.000000000,1,0
122,33916,1,91.800000000,4.000000000,4.000000000,0.800000000,0.000000000,0.000000000,1,0
123,34194,1,92.600000000,4.000000000,4.000000000,0.800000000,0.000000000,0.000000000,1,0
124,34472,1,93.400000000,4.000000000,4.000000000,0.800000000,0.000000000,0.000000000,1,0
125,34750,1,94.200000000,4.000000000,4.000000000,0.800000000,0.000000000,0.000000000,1,0
126,35028,1,95.000000000,4.000000000,4.000000000,0.800000000,0.000000000,0.000000000,1,0
127,35306,1,95.800000000,4.000000000,4.000000000,0.800000000,0.000000000,0.000000000,1,0
128,35584,1,96.600000000,4.000000000,4.000000000,0.800000000,0.000000000,0.000000000,1,0
129,35862,1,96.600000000,4.000000000,4.000000000,0.000000000,0.000000000,0.000000000,1,0
130,36140,1,97.400000000,4.000000000,4.000000000,0.800000000,0.000000000,0.000000000,1,0
131,36418,1,98.200000000,4.000000000,4.000000000,0.800000000,0.000000000,0.000000000,1,0
132,36696,1,99.000000000,4.000000000,4.000000000,0.800000000,0.000000000,0.000000000,1,0
133,36974,1,99.800000000,4.000000000,4.000000000,0.800000000,0.000000000,0.000000000,1,0
134,37252,1,100.600000000,4.000000000,4.000000000,0.800000000,0.000000000,0.000000000,1,0
135,37530,1,101.400000000,4.000000000,4.000000000,0.800000000,0.000000000,0.000000000,1,0
136,37808,1,102.200000000,4.000000000,4.000000000,0.800000000,0.000000000,0.000000000,1,0
137,38086,1,102.200000000,4.000000000,4.000000000,0.000000000,0.000000000,0.000000000,1,0
138,38364,1,103.000000000,4.000000000,4.000000000,0.800000000,0.000000000,0.000000000,1,0
139,38642,1,103.800000000,4.000000000,4.000000000,0.800000000,0.000000000,0.000000000,1,0
140,38920,1,104.600000000,4.000000000,4.000000000,0.800000000,0.000000000,0.000000000,1,0
141,39198,1,105.400000000,4.000000000,4.000000000,0.800000000,0.000000000,0.000000000,1,0
142,39476,1,106.200000000,4.000000000,4.000000000,0.800000000,0.000000000,0.000000000,1,0
143,39754,1,107.000000000,4.000000000,4.000000000,0.800000000,0.000000000,0.000000000,1,0
144,40032,1,107.800000000,4.000000000,4.000000000,0.800000000,0.000000000,0.000000000,1,0
145,40310,1,107.800000000,4.000000000,4.000000000,0.000000000,0.000000000,0.000000000,1,0
146,40588,1,108.600000000,4.000000000,4.000000000,0.800000000,0.000000000,0.000000000,1,0
147,40866,1,109.400000000,4.000000000,4.000000000,0.800000000,0.000000000,0.000000000,1,0
148,41144,1,110.200000000,4.000000000,4.000000000,0.800000000,0.000000000,0.000000000,1,0
149,41422,1,111.000000000,4.000000000,4.000000000,0.800000000,0.000000000,0.000000000,1,0
150,41700,1,111.800000000,4.000000000,4.000000000,0.800000000,0.000000000,0.000000000,1,0
151,41978,1,112.600000000,4.000000000,4.000000000,0.800000000,0.000000000,0.000000000,1,0
152,42256,1,113.400000000,4.000000000,4.000000000,0.800000000,0.000000000,0.000000000,1,0
153,42534,1,113.400000000,4.000000000,4.000000000,0.000000000,0.000000000,0.000000000,1,0
154,42812,1,114.200000000,4.000000000,4.000000000,0.800000000,0.000000000,0.000000000,1,0
155,43090,1,115.000000000,4.000000000,4.000000000,0.800000000,0.000000000,0.000000000,1,0
156,43368,1,115.800000000,4.000000000,4.000000000,0.800000000,0.000000000,0.000000000,1,0
157,43646,1,116.600000000,4.000000000,4.000000000,0.800000000,0.000000000,0.000000000,1,0
158,43924,1,117.400000000,4.000000000,4.000000000,0.800000000,0.000000000,0.000000000,1,0
159,44202,1,118.200000000,4.000000000,4.000000000,0.800000000,0.000000000,0.000000000,1,0
160,44480,1,119.000000000,4.000000000,4.000000000,0.800000000,0.000000000,0.000000000,1,0
