frame,tick,k_x,p1_x,p2_x,k_unwrapped,p_unwrapped,dx_k,dx_p,phase_p,contact_p1_k,contact_p2_k,kick,wrap,distance
0,0,10,2,2,10,2,0,0,0,0,0,0,0,8
1,271,10,3,3,10,3,0,1,1,0,0,0,0,7
2,542,10,4,4,10,4,0,1,2,0,0,0,0,6
3,813,10,5,5,10,5,0,1,3,0,0,0,0,5
4,1084,10,6,6,10,6,0,1,2,0,0,0,0,4
5,1355,10,7,7,10,7,0,1,1,0,0,0,0,3
6,1626,10,8,8,10,8,0,1,0,0,0,0,0,2
7,1897,10,9,9,10,9,0,1,1,0,0,0,0,1
8,2168,10,10,10,10,10,0,1,2,0,0,0,0,0
9,2439,10,11,11,10,11,0,1,3,0,0,0,0,1
10,2710,10,12,12,10,12,0,1,2,0,0,0,0,2
11,2981,10,13,13,10,13,0,1,1,0,0,0,0,3
12,3252,10,14,14,10,14,0,1,0,0,0,0,0,4
13,3523,10,15,15,10,15,0,1,1,0,0,0,0,5
14,3794,10,16,16,10,16,0,1,2,0,0,0,0,6
15,4065,10,0,0,10,17,0,1,3,0,0,0,1,7
16,4336,10,1,1,10,18,0,1,2,0,0,0,0,8
17,4607,10,2,2,10,19,0,1,1,0,0,0,0,8
18,4878,10,3,3,10,20,0,1,0,0,0,0,0,7
19,5149,10,4,4,10,21,0,1,1,0,0,0,0,6
20,5420,10,5,5,10,22,0,1,2,0,0,0,0,5
21,5691,10,6,6,10,23,0,1,3,0,0,0,0,4
22,5962,10,7,7,10,24,0,1,2,0,0,0,0,3
23,6233,10,8,8,10,25,0,1,1,0,0,0,0,2
24,6504,10,9,9,10,26,0,1,0,0,0,0,0,1
25,6775,10,10,10,10,27,0,1,1,0,0,0,0,0
26,7046,10,11,11,10,28,0,1,2,0,0,0,0,1
27,7317,10,12,12,10,29,0,1,3,0,0,0,0,2
28,7588,10,13,13,10,30,0,1,2,0,0,0,0,3
29,7859,10,14,14,10,31,0,1,1,0,0,0,0,4
30,8130,10,15,15,10,32,0,1,0,0,0,0,0,5
31,8401,10,16,16,10,33,0,1,1,0,0,0,0,6
32,8672,10,0,0,10,34,0,1,2,0,0,0,1,7
33,8943,10,1,1,10,35,0,1,3,0,0,0,0,8
34,9214,10,2,2,10,36,0,1,2,0,0,0,0,8
35,9485,10,3,3,10,37,0,1,1,0,0,0,0,7
36,9756,10,4,4,10,38,0,1,0,0,0,0,0,6
37,10027,10,5,5,10,39,0,1,1,0,0,0,0,5
38,10298,10,6,6,10,40,0,1,2,0,0,0,0,4
39,10569,10,7,7,10,41,0,1,3,0,0,0,0,3
40,10840,10,8,8,10,42,0,1,2,0,0,0,0,2
41,11111,10,9,9,10,43,0,1,1,0,0,0,0,1
42,11382,10,10,10,10,44,0,1,0,0,0,0,0,0
43,11653,10,11,11,10,45,0,1,1,0,0,0,0,1
44,11924,10,12,12,10,46,0,1,2,0,0,0,0,2
45,12195,10,13,13,10,47,0,1,3,0,0,0,0,3
46,12466,10,14,14,10,48,0,1,2,0,0,0,0,4
47,12737,10,15,15,10,49,0,1,1,0,0,0,0,5
48,13008,10,16,16,10,50,0,1,0,0,0,0,0,6
49,13279,10,0,0,10,51,0,1,1,0,0,0,1,7
50,13550,10,1,1,10,52,0,1,2,0,0,0,0,8
51,13821,10,2,2,10,53,0,1,3,0,0,0,0,8
52,14092,10,3,3,10,54,0,1,2,0,0,0,0,7
53,14363,10,4,4,10,55,0,1,1,0,0,0,0,6
54,14634,10,5,5,10,56,0,1,0,0,0,0,0,5
55,14905,10,6,6,10,57,0,1,1,0,0,0,0,4
56,15176,10,7,7,10,58,0,1,2,0,0,0,0,3
57,15447,10,8,8,10,59,0,1,3,0,0,0,0,2
58,15718,10,9,9,10,60,0,1,2,0,0,0,0,1
59,15989,10,10,10,10,61,0,1,1,0,0,0,0,0
60,16260,10,11,11,10,62,0,1,0,0,0,0,0,1
61,16531,10,12,12,10,63,0,1,1,0,0,0,0,2
62,16802,10,13,13,10,64,0,1,2,0,0,0,0,3
63,17073,10,14,14,10,65,0,1,3,0,0,0,0,4
64,17344,10,15,15,10,66,0,1,2,0,0,0,0,5
65,17615,10,16,16,10,67,0,1,1,0,0,0,0,6
66,17886,10,0,0,10,68,0,1,0,0,0,0,1,7
67,18157,10,1,1,10,69,0,1,1,0,0,0,0,8
68,18428,10,2,2,10,70,0,1,2,0,0,0,0,8
69,18699,10,3,3,10,71,0,1,3,0,0,0,0,7
70,18970,10,4,4,10,72,0,1,2,0,0,0,0,6
71,19241,10,5,5,10,73,0,1,1,0,0,0,0,5
72,19512,10,6,6,10,74,0,1,0,0,0,0,0,4
73,19783,10,7,7,10,75,0,1,1,0,0,0,0,3
74,20054,10,8,8,10,76,0,1,2,0,0,0,0,2
75,20325,10,9,9,10,77,0,1,3,0,0,0,0,1
76,20596,10,10,10,10,78,0,1,2,0,0,0,0,0
77,20867,10,11,11,10,79,0,1,1,0,0,0,0,1
78,21138,10,12,12,10,80,0,1,0,0,0,0,0,2
79,21409,10,13,13,10,81,0,1,1,0,0,0,0,3
80,21680,10,14,14,10,82,0,1,2,0,0,0,0,4
81,21951,10,15,15,10,83,0,1,3,0,0,0,0,5
82,22222,10,16,16,10,84,0,1,2,0,0,0,0,6
83,22493,10,0,0,10,85,0,1,1,0,0,0,1,7
84,22764,10,1,1,10,86,0,1,0,0,0,0,0,8
85,23035,10,2,2,10,87,0,1,1,0,0,0,0,8
86,23306,10,3,3,10,88,0,1,2,0,0,0,0,7
87,23577,10,4,4,10,89,0,1,3,0,0,0,0,6
88,23848,10,5,5,10,90,0,1,2,0,0,0,0,5
89,24119,10,6,6,10,91,0,1,1,0,0,0,0,4
90,24390,10,7,7,10,92,0,1,0,0,0,0,0,3
91,24661,10,8,8,10,93,0,1,1,0,0,0,0,2
92,24932,10,9,9,10,94,0,1,2,0,0,0,0,1
93,25203,10,10,10,10,95,0,1,3,0,0,0,0,0
94,25474,10,11,11,10,96,0,1,2,0,0,0,0,1
95,25745,10,12,12,10,97,0,1,1,0,0,0,0,2
96,26016,10,13,13,10,98,0,1,0,0,0,0,0,3
97,26287,10,14,14,10,99,0,1,1,0,0,0,0,4
98,26558,10,15,15,10,100,0,1,2,0,0,0,0,5
99,26829,10,16,16,10,101,0,1,3,0,0,0,0,6
100,27100,10,0,0,10,102,0,1,2,0,0,0,1,7
101,27371,10,1,1,10,103,0,1,1,0,0,0,0,8
102,27642,10,2,2,10,104,0,1,0,0,0,0,0,8
103,27913,10,3,3,10,105,0,1,1,0,0,0,0,7
104,28184,10,4,4,10,106,0,1,2,0,0,0,0,6
105,28455,10,5,5,10,107,0,1,3,0,0,0,0,5
106,28726,10,6,6,10,108,0,1,2,0,0,0,0,4
107,28997,10,7,7,10,109,0,1,1,0,0,0,0,3
108,29268,10,8,8,10,110,0,1,0,0,0,0,0,2
109,29539,10,9,9,10,111,0,1,1,0,0,0,0,1
110,29810,10,10,10,10,112,0,1,2,0,0,0,0,0
111,30081,10,11,11,10,113,0,1,3,0,0,0,0,1
112,30352,10,12,12,10,114,0,1,2,0,0,0,0,2
113,30623,10,13,13,10,115,0,1,1,0,0,0,0,3
114,30894,10,14,14,10,116,0,1,0,0,0,0,0,4
115,31165,10,15,15,10,117,0,1,1,0,0,0,0,5
116,31436,10,16,16,10,118,0,1,2,0,0,0,0,6
117,31707,10,0,0,10,119,0,1,3,0,0,0,1,7
118,31978,10,1,1,10,120,0,1,2,0,0,0,0,8
119,32249,10,2,2,10,121,0,1,1,0,0,0,0,8
120,32520,10,3,3,10,122,0,1,0,0,0,0,0,7
